timestamp_ms,filename
1707225569755.3665,color_image_0.png
1707225569788.7341,color_image_1.png
1707225569822.101,color_image_2.png
1707225569855.4673,color_image_3.png
1707225569888.8274,color_image_4.png
1707225569922.1863,color_image_5.png
1707225569955.5435,color_image_6.png
1707225569988.8982,color_image_7.png
1707225570022.2512,color_image_8.png
1707225570055.6028,color_image_9.png
1707225570088.9536,color_image_10.png
1707225570122.3027,color_image_11.png
1707225570155.6506,color_image_12.png
1707225570189.0002,color_image_13.png
1707225570222.3486,color_image_14.png
1707225570255.696,color_image_15.png
1707225570289.0464,color_image_16.png
1707225570322.396,color_image_17.png
1707225570355.7446,color_image_18.png
1707225570389.096,color_image_19.png
1707225570422.4468,color_image_20.png
1707225570455.797,color_image_21.png
1707225570489.1465,color_image_22.png
1707225570522.4956,color_image_23.png
1707225570555.8442,color_image_24.png
1707225570589.1934,color_image_25.png
1707225570622.542,color_image_26.png
1707225570655.8904,color_image_27.png
1707225570689.2402,color_image_28.png
1707225570722.5898,color_image_29.png
1707225570755.9392,color_image_30.png
1707225570789.2883,color_image_31.png
1707225570822.6375,color_image_32.png
1707225570855.986,color_image_33.png
1707225570889.3347,color_image_34.png
1707225570922.683,color_image_35.png
1707225570956.0312,color_image_36.png
1707225570989.3792,color_image_37.png
1707225571022.7268,color_image_38.png
1707225571056.0742,color_image_39.png
1707225571089.4214,color_image_40.png
1707225571122.7683,color_image_41.png
1707225571156.1152,color_image_42.png
1707225571189.4617,color_image_43.png
1707225571222.808,color_image_44.png
1707225571256.1543,color_image_45.png
1707225571289.5,color_image_46.png
1707225571322.8457,color_image_47.png
1707225571356.1912,color_image_48.png
1707225571389.5364,color_image_49.png
1707225571422.8816,color_image_50.png
1707225571456.2263,color_image_51.png
1707225571489.5708,color_image_52.png
1707225571522.9153,color_image_53.png
1707225571556.2595,color_image_54.png
1707225571589.6033,color_image_55.png
1707225571622.947,color_image_56.png
1707225571656.2908,color_image_57.png
1707225571689.645,color_image_58.png
1707225571722.9995,color_image_59.png
1707225571756.354,color_image_60.png
1707225571789.7087,color_image_61.png
1707225571823.0635,color_image_62.png
1707225571856.4185,color_image_63.png
1707225571889.7734,color_image_64.png
1707225571923.1287,color_image_65.png
1707225571956.484,color_image_66.png
1707225571989.8394,color_image_67.png
1707225572023.195,color_image_68.png
1707225572056.5508,color_image_69.png
1707225572089.9065,color_image_70.png
1707225572123.2627,color_image_71.png
1707225572156.6187,color_image_72.png
1707225572189.9749,color_image_73.png
1707225572223.3313,color_image_74.png
1707225572256.6877,color_image_75.png
1707225572290.0444,color_image_76.png
1707225572323.4011,color_image_77.png
1707225572356.758,color_image_78.png
1707225572390.115,color_image_79.png
1707225572423.4722,color_image_80.png
1707225572456.8296,color_image_81.png
1707225572490.187,color_image_82.png
1707225572523.5444,color_image_83.png
1707225572556.902,color_image_84.png
1707225572590.26,color_image_85.png
1707225572623.618,color_image_86.png
1707225572656.9758,color_image_87.png
1707225572690.3354,color_image_88.png
1707225572723.6956,color_image_89.png
1707225572757.0557,color_image_90.png
1707225572790.4158,color_image_91.png
1707225572823.7761,color_image_92.png
1707225572857.1367,color_image_93.png
1707225572890.4976,color_image_94.png
1707225572923.8584,color_image_95.png
1707225572957.2195,color_image_96.png
1707225572990.5808,color_image_97.png
1707225573023.9421,color_image_98.png
1707225573057.3037,color_image_99.png
